-- phpMyAdmin SQL Dump
-- version 4.8.4
-- https://www.phpmyadmin.net/
--
-- Servidor: 127.0.0.1
-- Tiempo de generación: 26-02-2020 a las 11:29:52
-- Versión del servidor: 10.1.37-MariaDB
-- Versión de PHP: 5.6.40

SET SQL_MODE = "NO_AUTO_VALUE_ON_ZERO";
SET AUTOCOMMIT = 0;
START TRANSACTION;
SET time_zone = "+00:00";


/*!40101 SET @OLD_CHARACTER_SET_CLIENT=@@CHARACTER_SET_CLIENT */;
/*!40101 SET @OLD_CHARACTER_SET_RESULTS=@@CHARACTER_SET_RESULTS */;
/*!40101 SET @OLD_COLLATION_CONNECTION=@@COLLATION_CONNECTION */;
/*!40101 SET NAMES utf8mb4 */;

--
-- Base de datos: `dbproyecto`
--
CREATE DATABASE IF NOT EXISTS `dbproyecto` DEFAULT CHARACTER SET latin1 COLLATE latin1_swedish_ci;
USE `dbproyecto`;

-- --------------------------------------------------------

--
-- Estructura de tabla para la tabla `categoria`
--

CREATE TABLE `categoria` (
  `id_categoria` int(11) NOT NULL,
  `categoria` varchar(100) NOT NULL,
  `estado` enum('0','1') NOT NULL,
  `id_usuario` int(11) NOT NULL
) ENGINE=InnoDB DEFAULT CHARSET=latin1;

--
-- Volcado de datos para la tabla `categoria`
--

INSERT INTO `categoria` (`id_categoria`, `categoria`, `estado`, `id_usuario`) VALUES
(2, 'Consumibles', '1', 1),
(6, 'Toner', '1', 1),
(7, 'Cintas', '1', 1);

-- --------------------------------------------------------

--
-- Estructura de tabla para la tabla `clientes`
--

CREATE TABLE `clientes` (
  `id_cliente` int(11) NOT NULL,
  `cedula_cliente` varchar(100) NOT NULL,
  `nombre_cliente` varchar(100) NOT NULL,
  `apellido_cliente` varchar(100) NOT NULL,
  `telefono_cliente` varchar(100) NOT NULL,
  `correo_cliente` varchar(100) NOT NULL,
  `direccion_cliente` varchar(100) NOT NULL,
  `fecha_ingreso` date NOT NULL,
  `estado` enum('0','1') NOT NULL,
  `id_usuario` int(11) NOT NULL
) ENGINE=InnoDB DEFAULT CHARSET=latin1;

--
-- Volcado de datos para la tabla `clientes`
--

INSERT INTO `clientes` (`id_cliente`, `cedula_cliente`, `nombre_cliente`, `apellido_cliente`, `telefono_cliente`, `correo_cliente`, `direccion_cliente`, `fecha_ingreso`, `estado`, `id_usuario`) VALUES
(5, '159966666', 'Jorge', 'Rodriguez', '459966666', 'jorge@gmail.com', 'california', '2018-02-05', '1', 1),
(6, '45', 'karla', 'rodriguez', '789', 'karla@gmail.com', 'chicago', '2018-02-13', '1', 1);

-- --------------------------------------------------------

--
-- Estructura de tabla para la tabla `compras`
--

CREATE TABLE `compras` (
  `id_compras` int(11) NOT NULL,
  `fecha_compra` date NOT NULL,
  `numero_compra` varchar(100) NOT NULL,
  `proveedor` varchar(100) NOT NULL,
  `cedula_proveedor` varchar(100) NOT NULL,
  `comprador` varchar(100) NOT NULL,
  `moneda` varchar(100) NOT NULL,
  `subtotal` varchar(100) NOT NULL,
  `total_iva` varchar(100) NOT NULL,
  `total` varchar(100) NOT NULL,
  `tipo_pago` varchar(100) NOT NULL,
  `estado` enum('0','1') NOT NULL,
  `id_usuario` int(11) NOT NULL,
  `id_proveedor` int(11) NOT NULL
) ENGINE=InnoDB DEFAULT CHARSET=latin1;

--
-- Volcado de datos para la tabla `compras`
--

INSERT INTO `compras` (`id_compras`, `fecha_compra`, `numero_compra`, `proveedor`, `cedula_proveedor`, `comprador`, `moneda`, `subtotal`, `total_iva`, `total`, `tipo_pago`, `estado`, `id_usuario`, `id_proveedor`) VALUES
(1, '2018-01-31', 'F000001', 'luis lopez', '14789', 'eyter', 'USD$', '100', '20', '120', 'CHEQUE', '0', 1, 3),
(2, '2018-02-06', 'F000002', 'luis lopez', '14789', 'eyter', 'USD$', '400', '80', '480', 'CHEQUE', '0', 1, 3),
(3, '2018-02-07', 'F000003', 'luis lopez', '14789', 'eyter', 'USD$', '400', '80', '480', 'EFECTIVO', '1', 1, 3),
(4, '2018-02-07', 'F000004', 'luis lopez', '14789', 'eyter', 'USD$', '160', '32', '192', 'EFECTIVO', '1', 1, 3);

-- --------------------------------------------------------

--
-- Estructura de tabla para la tabla `detalle_compras`
--

CREATE TABLE `detalle_compras` (
  `id_detalle_compras` int(11) NOT NULL,
  `numero_compra` varchar(100) NOT NULL,
  `cedula_proveedor` varchar(100) NOT NULL,
  `id_producto` int(11) NOT NULL,
  `producto` varchar(100) NOT NULL,
  `moneda` varchar(100) NOT NULL,
  `precio_compra` varchar(100) NOT NULL,
  `cantidad_compra` varchar(100) NOT NULL,
  `descuento` varchar(100) NOT NULL,
  `importe` varchar(100) NOT NULL,
  `fecha_compra` date NOT NULL,
  `id_usuario` int(11) NOT NULL,
  `id_proveedor` int(11) NOT NULL,
  `estado` enum('0','1') NOT NULL,
  `id_categoria` int(11) NOT NULL
) ENGINE=InnoDB DEFAULT CHARSET=latin1;

--
-- Volcado de datos para la tabla `detalle_compras`
--

INSERT INTO `detalle_compras` (`id_detalle_compras`, `numero_compra`, `cedula_proveedor`, `id_producto`, `producto`, `moneda`, `precio_compra`, `cantidad_compra`, `descuento`, `importe`, `fecha_compra`, `id_usuario`, `id_proveedor`, `estado`, `id_categoria`) VALUES
(1, 'F000001', '14789', 4, 'jabon ACE', 'USD$', '100', '1', '0', '100', '2018-01-31', 1, 3, '0', 6),
(2, 'F000002', '14789', 9, 'jabon casa', 'USD$', '80', '5', '0', '400', '2018-02-06', 1, 3, '0', 6),
(3, 'F000003', '14789', 4, 'jabon ACE', 'USD$', '100', '4', '0', '400', '2018-02-07', 1, 3, '1', 6),
(4, 'F000004', '14789', 7, 'harina pan', 'USD$', '60', '1', '0', '60', '2018-02-07', 1, 3, '1', 7),
(5, 'F000004', '14789', 4, 'jabon ACE', 'USD$', '100', '1', '0', '100', '2018-02-07', 1, 3, '1', 6);

-- --------------------------------------------------------

--
-- Estructura de tabla para la tabla `detalle_ventas`
--

CREATE TABLE `detalle_ventas` (
  `id_detalle_ventas` int(11) NOT NULL,
  `numero_venta` varchar(100) NOT NULL,
  `cedula_cliente` varchar(100) NOT NULL,
  `id_producto` int(11) NOT NULL,
  `producto` varchar(100) NOT NULL,
  `moneda` varchar(100) NOT NULL,
  `precio_venta` varchar(100) NOT NULL,
  `cantidad_venta` varchar(100) NOT NULL,
  `descuento` varchar(100) NOT NULL,
  `importe` varchar(100) NOT NULL,
  `fecha_venta` date NOT NULL,
  `id_usuario` int(11) NOT NULL,
  `id_cliente` int(11) NOT NULL,
  `estado` enum('0','1') NOT NULL
) ENGINE=InnoDB DEFAULT CHARSET=latin1;

--
-- Volcado de datos para la tabla `detalle_ventas`
--

INSERT INTO `detalle_ventas` (`id_detalle_ventas`, `numero_venta`, `cedula_cliente`, `id_producto`, `producto`, `moneda`, `precio_venta`, `cantidad_venta`, `descuento`, `importe`, `fecha_venta`, `id_usuario`, `id_cliente`, `estado`) VALUES
(2, 'F000001', '159966666', 9, 'jabon casa', 'USD$', '200', '1', '0', '200', '2018-02-07', 1, 5, '1'),
(3, 'F000002', '159966666', 4, 'jabon ACE', 'USD$', '200', '1', '0', '200', '2018-02-07', 1, 5, '1'),
(4, 'F000002', '159966666', 9, 'jabon casa', 'USD$', '200', '1', '0', '200', '2018-02-07', 1, 5, '1'),
(5, 'F000002', '159966666', 7, 'harina pan', 'USD$', '90', '1', '0', '90', '2018-02-07', 1, 5, '1');

-- --------------------------------------------------------

--
-- Estructura de tabla para la tabla `empresa`
--

CREATE TABLE `empresa` (
  `id_empresa` int(11) NOT NULL,
  `cedula_empresa` varchar(100) NOT NULL,
  `nombre_empresa` varchar(100) NOT NULL,
  `direccion_empresa` varchar(100) NOT NULL,
  `correo_empresa` varchar(100) NOT NULL,
  `telefono_empresa` varchar(100) NOT NULL,
  `id_usuario` int(11) NOT NULL
) ENGINE=InnoDB DEFAULT CHARSET=latin1;

--
-- Volcado de datos para la tabla `empresa`
--

INSERT INTO `empresa` (`id_empresa`, `cedula_empresa`, `nombre_empresa`, `direccion_empresa`, `correo_empresa`, `telefono_empresa`, `id_usuario`) VALUES
(1, '1223459988', 'eyter', 'california san jose', 'eyterdaniel@gmail.com', '12899665588', 1),
(2, '1223459988', 'eyter', 'california san jose', 'eyterdaniel@gmail.com', '12899665588', 3);

-- --------------------------------------------------------

--
-- Estructura de tabla para la tabla `permisos`
--

CREATE TABLE `permisos` (
  `id_permiso` int(11) NOT NULL,
  `nombre` varchar(100) NOT NULL
) ENGINE=InnoDB DEFAULT CHARSET=latin1;

--
-- Volcado de datos para la tabla `permisos`
--

INSERT INTO `permisos` (`id_permiso`, `nombre`) VALUES
(1, 'Categoria'),
(2, 'Productos'),
(3, 'Proveedores'),
(4, 'Compras'),
(5, 'Clientes'),
(6, 'Ventas'),
(7, 'Reporte de Compras'),
(8, 'Reporte de Ventas'),
(9, 'Usuarios'),
(10, 'Empresa');

-- --------------------------------------------------------

--
-- Estructura de tabla para la tabla `producto`
--

CREATE TABLE `producto` (
  `id_producto` int(11) NOT NULL,
  `id_categoria` int(11) NOT NULL,
  `producto` varchar(100) NOT NULL,
  `presentacion` varchar(100) NOT NULL,
  `unidad` varchar(45) NOT NULL,
  `moneda` varchar(45) NOT NULL,
  `precio_compra` varchar(45) NOT NULL,
  `precio_venta` varchar(45) NOT NULL,
  `stock` varchar(45) NOT NULL,
  `estado` enum('0','1') NOT NULL,
  `imagen` varchar(45) NOT NULL,
  `fecha_vencimiento` date NOT NULL,
  `id_usuario` int(11) NOT NULL
) ENGINE=InnoDB DEFAULT CHARSET=latin1;

--
-- Volcado de datos para la tabla `producto`
--

INSERT INTO `producto` (`id_producto`, `id_categoria`, `producto`, `presentacion`, `unidad`, `moneda`, `precio_compra`, `precio_venta`, `stock`, `estado`, `imagen`, `fecha_vencimiento`, `id_usuario`) VALUES
(4, 6, 'jabon ACE', 'Caja', 'kilo', 'USD$', '100', '200', '-1', '1', '1982969361.jpg', '2018-01-31', 1),
(6, 2, 'aceite carro', 'Caja', 'kilo', 'USD$', '100', '300', '0', '0', '216717336.jpg', '2018-01-25', 1),
(7, 7, 'harina pan', 'Saco', 'kilo', 'USD$', '60', '90', '0', '1', '234611002.jpg', '2018-01-30', 1),
(8, 7, 'pan ', 'Saco', 'kilo', 'USD$', '60', '81', '0', '1', '1407078505.jpg', '2018-01-24', 1),
(9, 6, 'jabon casa', 'Saco', 'kilo', 'USD$', '80', '200', '-2', '1', '1121250455.jpg', '2018-01-29', 1);

-- --------------------------------------------------------

--
-- Estructura de tabla para la tabla `proveedor`
--

CREATE TABLE `proveedor` (
  `id_proveedor` int(11) NOT NULL,
  `cedula` varchar(45) NOT NULL,
  `razon_social` varchar(100) NOT NULL,
  `telefono` varchar(100) NOT NULL,
  `correo` varchar(45) NOT NULL,
  `direccion` varchar(150) NOT NULL,
  `fecha` date NOT NULL,
  `estado` enum('0','1') NOT NULL,
  `id_usuario` int(11) NOT NULL
) ENGINE=InnoDB DEFAULT CHARSET=latin1;

--
-- Volcado de datos para la tabla `proveedor`
--

INSERT INTO `proveedor` (`id_proveedor`, `cedula`, `razon_social`, `telefono`, `correo`, `direccion`, `fecha`, `estado`, `id_usuario`) VALUES
(3, '14789', 'luis lopez', '12399888', 'luis@gmail.com', 'california', '2018-01-29', '1', 1),
(4, '45965', 'roberto perez', '48859', 'roberto@gmail.com', 'texas', '2018-02-13', '1', 1);

-- --------------------------------------------------------

--
-- Estructura de tabla para la tabla `usuarios`
--

CREATE TABLE `usuarios` (
  `id_usuario` int(11) NOT NULL,
  `nombres` varchar(100) NOT NULL,
  `apellidos` varchar(100) NOT NULL,
  `cedula` varchar(100) NOT NULL,
  `telefono` varchar(100) NOT NULL,
  `correo` varchar(100) NOT NULL,
  `direccion` varchar(100) NOT NULL,
  `cargo` enum('0','1') NOT NULL,
  `usuario` varchar(100) NOT NULL,
  `password` varchar(100) NOT NULL,
  `password2` varchar(100) NOT NULL,
  `fecha_ingreso` date NOT NULL,
  `estado` enum('0','1') NOT NULL
) ENGINE=InnoDB DEFAULT CHARSET=latin1;

--
-- Volcado de datos para la tabla `usuarios`
--

INSERT INTO `usuarios` (`id_usuario`, `nombres`, `apellidos`, `cedula`, `telefono`, `correo`, `direccion`, `cargo`, `usuario`, `password`, `password2`, `fecha_ingreso`, `estado`) VALUES
(1, 'eyter', 'higuera', '1', '123456', 'eyter@gmail.com', 'san jose', '1', 'daniel', 'Qw/*12345678', 'Qw/*12345678', '2017-12-26', '1'),
(2, 'alejandro', 'perez', '12', '12968566', 'alejandro@gmail.com', 'california', '0', 'alejandro', 'Qw/*12345678', 'Qw/*12345678', '2018-02-13', '1'),
(3, 'Edwin', 'Hernandez', '7404975', '04140575730', 'edwinht@gmail.com', 'acarigua', '1', 'edwinht', 'Qw/*12345678', 'Qw/*12345678', '2020-02-26', '1'),
(4, 'admin', 'admin', '1', '123456', 'admin@gmail.com', 'san jose', '1', 'daniel', 'Qw/*12345678', 'Qw/*12345678', '2017-12-26', '1');

-- --------------------------------------------------------

--
-- Estructura de tabla para la tabla `usuario_permiso`
--

CREATE TABLE `usuario_permiso` (
  `id_usuario_permiso` int(11) NOT NULL,
  `id_usuario` int(11) NOT NULL,
  `id_permiso` int(11) NOT NULL
) ENGINE=InnoDB DEFAULT CHARSET=latin1;

--
-- Volcado de datos para la tabla `usuario_permiso`
--

INSERT INTO `usuario_permiso` (`id_usuario_permiso`, `id_usuario`, `id_permiso`) VALUES
(32, 2, 1),
(33, 2, 2),
(158, 3, 1),
(159, 3, 2),
(160, 3, 3),
(161, 3, 4),
(162, 3, 5),
(163, 3, 7),
(164, 3, 9),
(165, 3, 10),
(166, 1, 2),
(167, 1, 3),
(168, 1, 4),
(169, 1, 5),
(170, 1, 7),
(171, 1, 9),
(172, 1, 10);

-- --------------------------------------------------------

--
-- Estructura de tabla para la tabla `ventas`
--

CREATE TABLE `ventas` (
  `id_ventas` int(11) NOT NULL,
  `fecha_venta` date NOT NULL,
  `numero_venta` varchar(100) NOT NULL,
  `cliente` varchar(100) NOT NULL,
  `cedula_cliente` varchar(100) NOT NULL,
  `vendedor` varchar(100) NOT NULL,
  `moneda` varchar(100) NOT NULL,
  `subtotal` varchar(100) NOT NULL,
  `total_iva` varchar(100) NOT NULL,
  `total` varchar(100) NOT NULL,
  `tipo_pago` varchar(100) NOT NULL,
  `estado` enum('0','1') NOT NULL,
  `id_usuario` int(11) NOT NULL,
  `id_cliente` int(11) NOT NULL
) ENGINE=InnoDB DEFAULT CHARSET=latin1;

--
-- Volcado de datos para la tabla `ventas`
--

INSERT INTO `ventas` (`id_ventas`, `fecha_venta`, `numero_venta`, `cliente`, `cedula_cliente`, `vendedor`, `moneda`, `subtotal`, `total_iva`, `total`, `tipo_pago`, `estado`, `id_usuario`, `id_cliente`) VALUES
(2, '2018-02-07', 'F000001', 'Jorge', '159966666', 'eyter', 'USD$', '200', '40', '240', 'EFECTIVO', '1', 1, 5),
(3, '2018-02-07', 'F000002', 'Jorge', '159966666', 'eyter', 'USD$', '490', '98', '588', 'EFECTIVO', '1', 1, 5);

--
-- Índices para tablas volcadas
--

--
-- Indices de la tabla `categoria`
--
ALTER TABLE `categoria`
  ADD PRIMARY KEY (`id_categoria`),
  ADD KEY `fk_categoria_usuarios_idx` (`id_usuario`);

--
-- Indices de la tabla `clientes`
--
ALTER TABLE `clientes`
  ADD PRIMARY KEY (`id_cliente`),
  ADD KEY `fk_clientes_usuario_idx` (`id_usuario`);

--
-- Indices de la tabla `compras`
--
ALTER TABLE `compras`
  ADD PRIMARY KEY (`id_compras`),
  ADD KEY `fk_compras_usuario_idx` (`id_usuario`),
  ADD KEY `fk_compras_proveedor_idx` (`id_proveedor`);

--
-- Indices de la tabla `detalle_compras`
--
ALTER TABLE `detalle_compras`
  ADD PRIMARY KEY (`id_detalle_compras`),
  ADD KEY `fk_detalle_compras_producto_idx` (`id_producto`),
  ADD KEY `fk_detalle_compras_usuario_idx` (`id_usuario`),
  ADD KEY `fk_detalle_compras_proveedor_idx` (`id_proveedor`),
  ADD KEY `fk_detalle_compras_categoria_idx` (`id_categoria`);

--
-- Indices de la tabla `detalle_ventas`
--
ALTER TABLE `detalle_ventas`
  ADD PRIMARY KEY (`id_detalle_ventas`),
  ADD KEY `fk_detalle_ventas_producto_idx` (`id_producto`),
  ADD KEY `fk_detalle_ventas_usuario_idx` (`id_usuario`),
  ADD KEY `fk_detalle_ventas_clientes_idx` (`id_cliente`);

--
-- Indices de la tabla `empresa`
--
ALTER TABLE `empresa`
  ADD PRIMARY KEY (`id_empresa`),
  ADD KEY `fk_empresa_usuario_idx` (`id_usuario`);

--
-- Indices de la tabla `permisos`
--
ALTER TABLE `permisos`
  ADD PRIMARY KEY (`id_permiso`);

--
-- Indices de la tabla `producto`
--
ALTER TABLE `producto`
  ADD PRIMARY KEY (`id_producto`),
  ADD KEY `fk_producto_categoria_idx` (`id_categoria`),
  ADD KEY `fk_producto_usuario_idx` (`id_usuario`);

--
-- Indices de la tabla `proveedor`
--
ALTER TABLE `proveedor`
  ADD PRIMARY KEY (`id_proveedor`),
  ADD KEY `fk_proveedor_usuario_idx` (`id_usuario`);

--
-- Indices de la tabla `usuarios`
--
ALTER TABLE `usuarios`
  ADD PRIMARY KEY (`id_usuario`);

--
-- Indices de la tabla `usuario_permiso`
--
ALTER TABLE `usuario_permiso`
  ADD PRIMARY KEY (`id_usuario_permiso`),
  ADD KEY `fk_usuario_permiso_usuario_idx` (`id_usuario`),
  ADD KEY `fk_usuario_permiso_permiso_idx` (`id_permiso`);

--
-- Indices de la tabla `ventas`
--
ALTER TABLE `ventas`
  ADD PRIMARY KEY (`id_ventas`),
  ADD KEY `fk_ventas_usuario_idx` (`id_usuario`),
  ADD KEY `fk_ventas_cliente_idx` (`id_cliente`);

--
-- AUTO_INCREMENT de las tablas volcadas
--

--
-- AUTO_INCREMENT de la tabla `categoria`
--
ALTER TABLE `categoria`
  MODIFY `id_categoria` int(11) NOT NULL AUTO_INCREMENT, AUTO_INCREMENT=8;

--
-- AUTO_INCREMENT de la tabla `clientes`
--
ALTER TABLE `clientes`
  MODIFY `id_cliente` int(11) NOT NULL AUTO_INCREMENT, AUTO_INCREMENT=7;

--
-- AUTO_INCREMENT de la tabla `compras`
--
ALTER TABLE `compras`
  MODIFY `id_compras` int(11) NOT NULL AUTO_INCREMENT, AUTO_INCREMENT=5;

--
-- AUTO_INCREMENT de la tabla `detalle_compras`
--
ALTER TABLE `detalle_compras`
  MODIFY `id_detalle_compras` int(11) NOT NULL AUTO_INCREMENT, AUTO_INCREMENT=6;

--
-- AUTO_INCREMENT de la tabla `detalle_ventas`
--
ALTER TABLE `detalle_ventas`
  MODIFY `id_detalle_ventas` int(11) NOT NULL AUTO_INCREMENT, AUTO_INCREMENT=6;

--
-- AUTO_INCREMENT de la tabla `empresa`
--
ALTER TABLE `empresa`
  MODIFY `id_empresa` int(11) NOT NULL AUTO_INCREMENT, AUTO_INCREMENT=3;

--
-- AUTO_INCREMENT de la tabla `permisos`
--
ALTER TABLE `permisos`
  MODIFY `id_permiso` int(11) NOT NULL AUTO_INCREMENT, AUTO_INCREMENT=11;

--
-- AUTO_INCREMENT de la tabla `producto`
--
ALTER TABLE `producto`
  MODIFY `id_producto` int(11) NOT NULL AUTO_INCREMENT, AUTO_INCREMENT=10;

--
-- AUTO_INCREMENT de la tabla `proveedor`
--
ALTER TABLE `proveedor`
  MODIFY `id_proveedor` int(11) NOT NULL AUTO_INCREMENT, AUTO_INCREMENT=5;

--
-- AUTO_INCREMENT de la tabla `usuarios`
--
ALTER TABLE `usuarios`
  MODIFY `id_usuario` int(11) NOT NULL AUTO_INCREMENT, AUTO_INCREMENT=5;

--
-- AUTO_INCREMENT de la tabla `usuario_permiso`
--
ALTER TABLE `usuario_permiso`
  MODIFY `id_usuario_permiso` int(11) NOT NULL AUTO_INCREMENT, AUTO_INCREMENT=173;

--
-- AUTO_INCREMENT de la tabla `ventas`
--
ALTER TABLE `ventas`
  MODIFY `id_ventas` int(11) NOT NULL AUTO_INCREMENT, AUTO_INCREMENT=4;

--
-- Restricciones para tablas volcadas
--

--
-- Filtros para la tabla `categoria`
--
ALTER TABLE `categoria`
  ADD CONSTRAINT `fk_categoria_usuarios` FOREIGN KEY (`id_usuario`) REFERENCES `usuarios` (`id_usuario`) ON DELETE NO ACTION ON UPDATE NO ACTION;

--
-- Filtros para la tabla `clientes`
--
ALTER TABLE `clientes`
  ADD CONSTRAINT `fk_clientes_usuario` FOREIGN KEY (`id_usuario`) REFERENCES `usuarios` (`id_usuario`) ON DELETE NO ACTION ON UPDATE NO ACTION;

--
-- Filtros para la tabla `compras`
--
ALTER TABLE `compras`
  ADD CONSTRAINT `fk_compras_proveedor` FOREIGN KEY (`id_proveedor`) REFERENCES `proveedor` (`id_proveedor`) ON DELETE NO ACTION ON UPDATE NO ACTION,
  ADD CONSTRAINT `fk_compras_usuario` FOREIGN KEY (`id_usuario`) REFERENCES `usuarios` (`id_usuario`) ON DELETE NO ACTION ON UPDATE NO ACTION;

--
-- Filtros para la tabla `detalle_compras`
--
ALTER TABLE `detalle_compras`
  ADD CONSTRAINT `fk_detalle_compras_categoria` FOREIGN KEY (`id_categoria`) REFERENCES `categoria` (`id_categoria`) ON DELETE NO ACTION ON UPDATE NO ACTION,
  ADD CONSTRAINT `fk_detalle_compras_producto` FOREIGN KEY (`id_producto`) REFERENCES `producto` (`id_producto`) ON DELETE NO ACTION ON UPDATE NO ACTION,
  ADD CONSTRAINT `fk_detalle_compras_proveedor` FOREIGN KEY (`id_proveedor`) REFERENCES `proveedor` (`id_proveedor`) ON DELETE NO ACTION ON UPDATE NO ACTION,
  ADD CONSTRAINT `fk_detalle_compras_usuario` FOREIGN KEY (`id_usuario`) REFERENCES `usuarios` (`id_usuario`) ON DELETE NO ACTION ON UPDATE NO ACTION;

--
-- Filtros para la tabla `detalle_ventas`
--
ALTER TABLE `detalle_ventas`
  ADD CONSTRAINT `fk_detalle_ventas_clientes` FOREIGN KEY (`id_cliente`) REFERENCES `clientes` (`id_cliente`) ON DELETE NO ACTION ON UPDATE NO ACTION,
  ADD CONSTRAINT `fk_detalle_ventas_producto` FOREIGN KEY (`id_producto`) REFERENCES `producto` (`id_producto`) ON DELETE NO ACTION ON UPDATE NO ACTION,
  ADD CONSTRAINT `fk_detalle_ventas_usuario` FOREIGN KEY (`id_usuario`) REFERENCES `usuarios` (`id_usuario`) ON DELETE NO ACTION ON UPDATE NO ACTION;

--
-- Filtros para la tabla `empresa`
--
ALTER TABLE `empresa`
  ADD CONSTRAINT `fk_empresa_usuario` FOREIGN KEY (`id_usuario`) REFERENCES `usuarios` (`id_usuario`) ON DELETE NO ACTION ON UPDATE NO ACTION;

--
-- Filtros para la tabla `producto`
--
ALTER TABLE `producto`
  ADD CONSTRAINT `fk_producto_categoria` FOREIGN KEY (`id_categoria`) REFERENCES `categoria` (`id_categoria`) ON DELETE NO ACTION ON UPDATE NO ACTION,
  ADD CONSTRAINT `fk_producto_usuario` FOREIGN KEY (`id_usuario`) REFERENCES `usuarios` (`id_usuario`) ON DELETE NO ACTION ON UPDATE NO ACTION;

--
-- Filtros para la tabla `proveedor`
--
ALTER TABLE `proveedor`
  ADD CONSTRAINT `fk_proveedor_usuario` FOREIGN KEY (`id_usuario`) REFERENCES `usuarios` (`id_usuario`) ON DELETE NO ACTION ON UPDATE NO ACTION;

--
-- Filtros para la tabla `usuario_permiso`
--
ALTER TABLE `usuario_permiso`
  ADD CONSTRAINT `fk_usuario_permiso_permiso` FOREIGN KEY (`id_permiso`) REFERENCES `permisos` (`id_permiso`) ON DELETE NO ACTION ON UPDATE NO ACTION,
  ADD CONSTRAINT `fk_usuario_permiso_usuario` FOREIGN KEY (`id_usuario`) REFERENCES `usuarios` (`id_usuario`) ON DELETE NO ACTION ON UPDATE NO ACTION;

--
-- Filtros para la tabla `ventas`
--
ALTER TABLE `ventas`
  ADD CONSTRAINT `fk_ventas_cliente` FOREIGN KEY (`id_cliente`) REFERENCES `clientes` (`id_cliente`) ON DELETE NO ACTION ON UPDATE NO ACTION,
  ADD CONSTRAINT `fk_ventas_usuario` FOREIGN KEY (`id_usuario`) REFERENCES `usuarios` (`id_usuario`) ON DELETE NO ACTION ON UPDATE NO ACTION;
--
-- Base de datos: `phpmyadmin`
--
CREATE DATABASE IF NOT EXISTS `phpmyadmin` DEFAULT CHARACTER SET utf8 COLLATE utf8_bin;
USE `phpmyadmin`;

-- --------------------------------------------------------

--
-- Estructura de tabla para la tabla `pma__bookmark`
--

CREATE TABLE `pma__bookmark` (
  `id` int(11) NOT NULL,
  `dbase` varchar(255) COLLATE utf8_bin NOT NULL DEFAULT '',
  `user` varchar(255) COLLATE utf8_bin NOT NULL DEFAULT '',
  `label` varchar(255) CHARACTER SET utf8 NOT NULL DEFAULT '',
  `query` text COLLATE utf8_bin NOT NULL
) ENGINE=InnoDB DEFAULT CHARSET=utf8 COLLATE=utf8_bin COMMENT='Bookmarks';

-- --------------------------------------------------------

--
-- Estructura de tabla para la tabla `pma__central_columns`
--

CREATE TABLE `pma__central_columns` (
  `db_name` varchar(64) COLLATE utf8_bin NOT NULL,
  `col_name` varchar(64) COLLATE utf8_bin NOT NULL,
  `col_type` varchar(64) COLLATE utf8_bin NOT NULL,
  `col_length` text COLLATE utf8_bin,
  `col_collation` varchar(64) COLLATE utf8_bin NOT NULL,
  `col_isNull` tinyint(1) NOT NULL,
  `col_extra` varchar(255) COLLATE utf8_bin DEFAULT '',
  `col_default` text COLLATE utf8_bin
) ENGINE=InnoDB DEFAULT CHARSET=utf8 COLLATE=utf8_bin COMMENT='Central list of columns';

-- --------------------------------------------------------

--
-- Estructura de tabla para la tabla `pma__column_info`
--

CREATE TABLE `pma__column_info` (
  `id` int(5) UNSIGNED NOT NULL,
  `db_name` varchar(64) COLLATE utf8_bin NOT NULL DEFAULT '',
  `table_name` varchar(64) COLLATE utf8_bin NOT NULL DEFAULT '',
  `column_name` varchar(64) COLLATE utf8_bin NOT NULL DEFAULT '',
  `comment` varchar(255) CHARACTER SET utf8 NOT NULL DEFAULT '',
  `mimetype` varchar(255) CHARACTER SET utf8 NOT NULL DEFAULT '',
  `transformation` varchar(255) COLLATE utf8_bin NOT NULL DEFAULT '',
  `transformation_options` varchar(255) COLLATE utf8_bin NOT NULL DEFAULT '',
  `input_transformation` varchar(255) COLLATE utf8_bin NOT NULL DEFAULT '',
  `input_transformation_options` varchar(255) COLLATE utf8_bin NOT NULL DEFAULT ''
) ENGINE=InnoDB DEFAULT CHARSET=utf8 COLLATE=utf8_bin COMMENT='Column information for phpMyAdmin';

-- --------------------------------------------------------

--
-- Estructura de tabla para la tabla `pma__designer_settings`
--

CREATE TABLE `pma__designer_settings` (
  `username` varchar(64) COLLATE utf8_bin NOT NULL,
  `settings_data` text COLLATE utf8_bin NOT NULL
) ENGINE=InnoDB DEFAULT CHARSET=utf8 COLLATE=utf8_bin COMMENT='Settings related to Designer';

-- --------------------------------------------------------

--
-- Estructura de tabla para la tabla `pma__export_templates`
--

CREATE TABLE `pma__export_templates` (
  `id` int(5) UNSIGNED NOT NULL,
  `username` varchar(64) COLLATE utf8_bin NOT NULL,
  `export_type` varchar(10) COLLATE utf8_bin NOT NULL,
  `template_name` varchar(64) COLLATE utf8_bin NOT NULL,
  `template_data` text COLLATE utf8_bin NOT NULL
) ENGINE=InnoDB DEFAULT CHARSET=utf8 COLLATE=utf8_bin COMMENT='Saved export templates';

-- --------------------------------------------------------

--
-- Estructura de tabla para la tabla `pma__favorite`
--

CREATE TABLE `pma__favorite` (
  `username` varchar(64) COLLATE utf8_bin NOT NULL,
  `tables` text COLLATE utf8_bin NOT NULL
) ENGINE=InnoDB DEFAULT CHARSET=utf8 COLLATE=utf8_bin COMMENT='Favorite tables';

-- --------------------------------------------------------

--
-- Estructura de tabla para la tabla `pma__history`
--

CREATE TABLE `pma__history` (
  `id` bigint(20) UNSIGNED NOT NULL,
  `username` varchar(64) COLLATE utf8_bin NOT NULL DEFAULT '',
  `db` varchar(64) COLLATE utf8_bin NOT NULL DEFAULT '',
  `table` varchar(64) COLLATE utf8_bin NOT NULL DEFAULT '',
  `timevalue` timestamp NOT NULL DEFAULT CURRENT_TIMESTAMP,
  `sqlquery` text COLLATE utf8_bin NOT NULL
) ENGINE=InnoDB DEFAULT CHARSET=utf8 COLLATE=utf8_bin COMMENT='SQL history for phpMyAdmin';

-- --------------------------------------------------------

--
-- Estructura de tabla para la tabla `pma__navigationhiding`
--

CREATE TABLE `pma__navigationhiding` (
  `username` varchar(64) COLLATE utf8_bin NOT NULL,
  `item_name` varchar(64) COLLATE utf8_bin NOT NULL,
  `item_type` varchar(64) COLLATE utf8_bin NOT NULL,
  `db_name` varchar(64) COLLATE utf8_bin NOT NULL,
  `table_name` varchar(64) COLLATE utf8_bin NOT NULL
) ENGINE=InnoDB DEFAULT CHARSET=utf8 COLLATE=utf8_bin COMMENT='Hidden items of navigation tree';

-- --------------------------------------------------------

--
-- Estructura de tabla para la tabla `pma__pdf_pages`
--

CREATE TABLE `pma__pdf_pages` (
  `db_name` varchar(64) COLLATE utf8_bin NOT NULL DEFAULT '',
  `page_nr` int(10) UNSIGNED NOT NULL,
  `page_descr` varchar(50) CHARACTER SET utf8 NOT NULL DEFAULT ''
) ENGINE=InnoDB DEFAULT CHARSET=utf8 COLLATE=utf8_bin COMMENT='PDF relation pages for phpMyAdmin';

-- --------------------------------------------------------

--
-- Estructura de tabla para la tabla `pma__recent`
--

CREATE TABLE `pma__recent` (
  `username` varchar(64) COLLATE utf8_bin NOT NULL,
  `tables` text COLLATE utf8_bin NOT NULL
) ENGINE=InnoDB DEFAULT CHARSET=utf8 COLLATE=utf8_bin COMMENT='Recently accessed tables';

--
-- Volcado de datos para la tabla `pma__recent`
--

INSERT INTO `pma__recent` (`username`, `tables`) VALUES
('root', '[{\"db\":\"dbproyecto\",\"table\":\"empresa\"},{\"db\":\"dbproyecto\",\"table\":\"usuarios\"},{\"db\":\"dbproyecto\",\"table\":\"categoria\"}]');

-- --------------------------------------------------------

--
-- Estructura de tabla para la tabla `pma__relation`
--

CREATE TABLE `pma__relation` (
  `master_db` varchar(64) COLLATE utf8_bin NOT NULL DEFAULT '',
  `master_table` varchar(64) COLLATE utf8_bin NOT NULL DEFAULT '',
  `master_field` varchar(64) COLLATE utf8_bin NOT NULL DEFAULT '',
  `foreign_db` varchar(64) COLLATE utf8_bin NOT NULL DEFAULT '',
  `foreign_table` varchar(64) COLLATE utf8_bin NOT NULL DEFAULT '',
  `foreign_field` varchar(64) COLLATE utf8_bin NOT NULL DEFAULT ''
) ENGINE=InnoDB DEFAULT CHARSET=utf8 COLLATE=utf8_bin COMMENT='Relation table';

-- --------------------------------------------------------

--
-- Estructura de tabla para la tabla `pma__savedsearches`
--

CREATE TABLE `pma__savedsearches` (
  `id` int(5) UNSIGNED NOT NULL,
  `username` varchar(64) COLLATE utf8_bin NOT NULL DEFAULT '',
  `db_name` varchar(64) COLLATE utf8_bin NOT NULL DEFAULT '',
  `search_name` varchar(64) COLLATE utf8_bin NOT NULL DEFAULT '',
  `search_data` text COLLATE utf8_bin NOT NULL
) ENGINE=InnoDB DEFAULT CHARSET=utf8 COLLATE=utf8_bin COMMENT='Saved searches';

-- --------------------------------------------------------

--
-- Estructura de tabla para la tabla `pma__table_coords`
--

CREATE TABLE `pma__table_coords` (
  `db_name` varchar(64) COLLATE utf8_bin NOT NULL DEFAULT '',
  `table_name` varchar(64) COLLATE utf8_bin NOT NULL DEFAULT '',
  `pdf_page_number` int(11) NOT NULL DEFAULT '0',
  `x` float UNSIGNED NOT NULL DEFAULT '0',
  `y` float UNSIGNED NOT NULL DEFAULT '0'
) ENGINE=InnoDB DEFAULT CHARSET=utf8 COLLATE=utf8_bin COMMENT='Table coordinates for phpMyAdmin PDF output';

-- --------------------------------------------------------

--
-- Estructura de tabla para la tabla `pma__table_info`
--

CREATE TABLE `pma__table_info` (
  `db_name` varchar(64) COLLATE utf8_bin NOT NULL DEFAULT '',
  `table_name` varchar(64) COLLATE utf8_bin NOT NULL DEFAULT '',
  `display_field` varchar(64) COLLATE utf8_bin NOT NULL DEFAULT ''
) ENGINE=InnoDB DEFAULT CHARSET=utf8 COLLATE=utf8_bin COMMENT='Table information for phpMyAdmin';

-- --------------------------------------------------------

--
-- Estructura de tabla para la tabla `pma__table_uiprefs`
--

CREATE TABLE `pma__table_uiprefs` (
  `username` varchar(64) COLLATE utf8_bin NOT NULL,
  `db_name` varchar(64) COLLATE utf8_bin NOT NULL,
  `table_name` varchar(64) COLLATE utf8_bin NOT NULL,
  `prefs` text COLLATE utf8_bin NOT NULL,
  `last_update` timestamp NOT NULL DEFAULT CURRENT_TIMESTAMP ON UPDATE CURRENT_TIMESTAMP
) ENGINE=InnoDB DEFAULT CHARSET=utf8 COLLATE=utf8_bin COMMENT='Tables'' UI preferences';

-- --------------------------------------------------------

--
-- Estructura de tabla para la tabla `pma__tracking`
--

CREATE TABLE `pma__tracking` (
  `db_name` varchar(64) COLLATE utf8_bin NOT NULL,
  `table_name` varchar(64) COLLATE utf8_bin NOT NULL,
  `version` int(10) UNSIGNED NOT NULL,
  `date_created` datetime NOT NULL,
  `date_updated` datetime NOT NULL,
  `schema_snapshot` text COLLATE utf8_bin NOT NULL,
  `schema_sql` text COLLATE utf8_bin,
  `data_sql` longtext COLLATE utf8_bin,
  `tracking` set('UPDATE','REPLACE','INSERT','DELETE','TRUNCATE','CREATE DATABASE','ALTER DATABASE','DROP DATABASE','CREATE TABLE','ALTER TABLE','RENAME TABLE','DROP TABLE','CREATE INDEX','DROP INDEX','CREATE VIEW','ALTER VIEW','DROP VIEW') COLLATE utf8_bin DEFAULT NULL,
  `tracking_active` int(1) UNSIGNED NOT NULL DEFAULT '1'
) ENGINE=InnoDB DEFAULT CHARSET=utf8 COLLATE=utf8_bin COMMENT='Database changes tracking for phpMyAdmin';

-- --------------------------------------------------------

--
-- Estructura de tabla para la tabla `pma__userconfig`
--

CREATE TABLE `pma__userconfig` (
  `username` varchar(64) COLLATE utf8_bin NOT NULL,
  `timevalue` timestamp NOT NULL DEFAULT CURRENT_TIMESTAMP ON UPDATE CURRENT_TIMESTAMP,
  `config_data` text COLLATE utf8_bin NOT NULL
) ENGINE=InnoDB DEFAULT CHARSET=utf8 COLLATE=utf8_bin COMMENT='User preferences storage for phpMyAdmin';

--
-- Volcado de datos para la tabla `pma__userconfig`
--

INSERT INTO `pma__userconfig` (`username`, `timevalue`, `config_data`) VALUES
('root', '2020-02-26 09:56:32', '{\"lang\":\"es\",\"Console\\/Mode\":\"collapse\"}');

-- --------------------------------------------------------

--
-- Estructura de tabla para la tabla `pma__usergroups`
--

CREATE TABLE `pma__usergroups` (
  `usergroup` varchar(64) COLLATE utf8_bin NOT NULL,
  `tab` varchar(64) COLLATE utf8_bin NOT NULL,
  `allowed` enum('Y','N') COLLATE utf8_bin NOT NULL DEFAULT 'N'
) ENGINE=InnoDB DEFAULT CHARSET=utf8 COLLATE=utf8_bin COMMENT='User groups with configured menu items';

-- --------------------------------------------------------

--
-- Estructura de tabla para la tabla `pma__users`
--

CREATE TABLE `pma__users` (
  `username` varchar(64) COLLATE utf8_bin NOT NULL,
  `usergroup` varchar(64) COLLATE utf8_bin NOT NULL
) ENGINE=InnoDB DEFAULT CHARSET=utf8 COLLATE=utf8_bin COMMENT='Users and their assignments to user groups';

--
-- Índices para tablas volcadas
--

--
-- Indices de la tabla `pma__bookmark`
--
ALTER TABLE `pma__bookmark`
  ADD PRIMARY KEY (`id`);

--
-- Indices de la tabla `pma__central_columns`
--
ALTER TABLE `pma__central_columns`
  ADD PRIMARY KEY (`db_name`,`col_name`);

--
-- Indices de la tabla `pma__column_info`
--
ALTER TABLE `pma__column_info`
  ADD PRIMARY KEY (`id`),
  ADD UNIQUE KEY `db_name` (`db_name`,`table_name`,`column_name`);

--
-- Indices de la tabla `pma__designer_settings`
--
ALTER TABLE `pma__designer_settings`
  ADD PRIMARY KEY (`username`);

--
-- Indices de la tabla `pma__export_templates`
--
ALTER TABLE `pma__export_templates`
  ADD PRIMARY KEY (`id`),
  ADD UNIQUE KEY `u_user_type_template` (`username`,`export_type`,`template_name`);

--
-- Indices de la tabla `pma__favorite`
--
ALTER TABLE `pma__favorite`
  ADD PRIMARY KEY (`username`);

--
-- Indices de la tabla `pma__history`
--
ALTER TABLE `pma__history`
  ADD PRIMARY KEY (`id`),
  ADD KEY `username` (`username`,`db`,`table`,`timevalue`);

--
-- Indices de la tabla `pma__navigationhiding`
--
ALTER TABLE `pma__navigationhiding`
  ADD PRIMARY KEY (`username`,`item_name`,`item_type`,`db_name`,`table_name`);

--
-- Indices de la tabla `pma__pdf_pages`
--
ALTER TABLE `pma__pdf_pages`
  ADD PRIMARY KEY (`page_nr`),
  ADD KEY `db_name` (`db_name`);

--
-- Indices de la tabla `pma__recent`
--
ALTER TABLE `pma__recent`
  ADD PRIMARY KEY (`username`);

--
-- Indices de la tabla `pma__relation`
--
ALTER TABLE `pma__relation`
  ADD PRIMARY KEY (`master_db`,`master_table`,`master_field`),
  ADD KEY `foreign_field` (`foreign_db`,`foreign_table`);

--
-- Indices de la tabla `pma__savedsearches`
--
ALTER TABLE `pma__savedsearches`
  ADD PRIMARY KEY (`id`),
  ADD UNIQUE KEY `u_savedsearches_username_dbname` (`username`,`db_name`,`search_name`);

--
-- Indices de la tabla `pma__table_coords`
--
ALTER TABLE `pma__table_coords`
  ADD PRIMARY KEY (`db_name`,`table_name`,`pdf_page_number`);

--
-- Indices de la tabla `pma__table_info`
--
ALTER TABLE `pma__table_info`
  ADD PRIMARY KEY (`db_name`,`table_name`);

--
-- Indices de la tabla `pma__table_uiprefs`
--
ALTER TABLE `pma__table_uiprefs`
  ADD PRIMARY KEY (`username`,`db_name`,`table_name`);

--
-- Indices de la tabla `pma__tracking`
--
ALTER TABLE `pma__tracking`
  ADD PRIMARY KEY (`db_name`,`table_name`,`version`);

--
-- Indices de la tabla `pma__userconfig`
--
ALTER TABLE `pma__userconfig`
  ADD PRIMARY KEY (`username`);

--
-- Indices de la tabla `pma__usergroups`
--
ALTER TABLE `pma__usergroups`
  ADD PRIMARY KEY (`usergroup`,`tab`,`allowed`);

--
-- Indices de la tabla `pma__users`
--
ALTER TABLE `pma__users`
  ADD PRIMARY KEY (`username`,`usergroup`);

--
-- AUTO_INCREMENT de las tablas volcadas
--

--
-- AUTO_INCREMENT de la tabla `pma__bookmark`
--
ALTER TABLE `pma__bookmark`
  MODIFY `id` int(11) NOT NULL AUTO_INCREMENT;

--
-- AUTO_INCREMENT de la tabla `pma__column_info`
--
ALTER TABLE `pma__column_info`
  MODIFY `id` int(5) UNSIGNED NOT NULL AUTO_INCREMENT;

--
-- AUTO_INCREMENT de la tabla `pma__export_templates`
--
ALTER TABLE `pma__export_templates`
  MODIFY `id` int(5) UNSIGNED NOT NULL AUTO_INCREMENT;

--
-- AUTO_INCREMENT de la tabla `pma__history`
--
ALTER TABLE `pma__history`
  MODIFY `id` bigint(20) UNSIGNED NOT NULL AUTO_INCREMENT;

--
-- AUTO_INCREMENT de la tabla `pma__pdf_pages`
--
ALTER TABLE `pma__pdf_pages`
  MODIFY `page_nr` int(10) UNSIGNED NOT NULL AUTO_INCREMENT;

--
-- AUTO_INCREMENT de la tabla `pma__savedsearches`
--
ALTER TABLE `pma__savedsearches`
  MODIFY `id` int(5) UNSIGNED NOT NULL AUTO_INCREMENT;
--
-- Base de datos: `test`
--
CREATE DATABASE IF NOT EXISTS `test` DEFAULT CHARACTER SET latin1 COLLATE latin1_swedish_ci;
USE `test`;
COMMIT;

/*!40101 SET CHARACTER_SET_CLIENT=@OLD_CHARACTER_SET_CLIENT */;
/*!40101 SET CHARACTER_SET_RESULTS=@OLD_CHARACTER_SET_RESULTS */;
/*!40101 SET COLLATION_CONNECTION=@OLD_COLLATION_CONNECTION */;
